hora,posicao,origem,destino,viagens_media
0,1,300012,300009,0.459
0,2,022174,001077,0.371
0,3,300079,200148,0.371
0,4,200156,200252,0.344
0,5,001169,001000,0.201
0,6,300234,300213,0.193
0,7,200197,200215,0.170
0,8,200183,300015,0.166
0,9,200213,200248,0.162
0,10,200135,001062,0.158
0,11,000974,003468,0.147
0,12,001171,200012,0.147
0,13,200041,022166,0.147
0,14,200156,200019,0.143
0,15,001114,300069,0.131
0,16,001159,001007,0.127
0,17,200232,200054,0.127
0,18,000973,200247,0.124
0,19,002694,300065,0.124
0,20,300209,300229,0.124
1,1,001013,022175,0.243
1,2,200250,200213,0.212
1,3,001230,001183,0.181
1,4,200156,300056,0.116
1,5,001090,001004,0.108
1,6,003480,200079,0.104
1,7,300040,001105,0.104
1,8,001077,200002,0.100
1,9,300214,022170,0.100
1,10,001171,200012,0.097
1,11,003496,003477,0.093
1,12,003500,200011,0.089
1,13,200156,200019,0.085
1,14,300023,200209,0.085
1,15,001112,200238,0.081
1,16,001230,300210,0.077
1,17,002681,001138,0.077
1,18,200019,001171,0.077
1,19,001053,003428,0.073
1,20,001013,022178,0.069
2,1,300059,200072,0.232
2,2,022174,200045,0.201
2,3,300020,300030,0.116
2,4,200041,200003,0.112
2,5,003480,200079,0.089
2,6,300015,000964,0.085
2,7,200136,001121,0.077
2,8,200068,200102,0.066
2,9,001175,001203,0.062
2,10,300062,003476,0.062
2,11,300059,001152,0.058
2,12,300062,001152,0.054
2,13,001112,001128,0.046
2,14,001160,001209,0.046
2,15,002690,000966,0.046
2,16,200012,022174,0.046
2,17,300031,300234,0.046
2,18,000972,003470,0.042
2,19,001101,001058,0.042
2,20,001176,200132,0.042
3,1,022174,001092,0.625
3,2,300007,001094,0.320
3,3,200251,200243,0.220
3,4,300062,003476,0.170
3,5,200039,000984,0.143
3,6,200041,200003,0.127
3,7,001013,022175,0.116
3,8,200242,200243,0.097
3,9,001008,001050,0.089
3,10,001195,001122,0.089
3,11,200039,001161,0.085
3,12,200207,300015,0.085
3,13,300020,300030,0.085
3,14,300031,300234,0.081
3,15,022159,300009,0.073
3,16,001224,001038,0.069
3,17,003425,001050,0.069
3,18,200161,200003,0.069
3,19,300059,200072,0.069
3,20,300010,001028,0.066
4,1,200039,000984,0.691
4,2,200089,001067,0.672
4,3,300212,300220,0.660
4,4,000989,003425,0.637
4,5,001188,002699,0.633
4,6,200207,200039,0.413
4,7,200006,300031,0.405
4,8,200102,200068,0.402
4,9,200064,001056,0.382
4,10,200256,003429,0.375
4,11,300076,300086,0.371
4,12,300036,300216,0.363
4,13,300011,022180,0.305
4,14,001020,200128,0.293
4,15,200025,200072,0.290
4,16,200241,003445,0.286
4,17,001082,001161,0.278
4,18,200212,002680,0.270
4,19,000972,002699,0.266
4,20,200001,003461,0.263
5,1,003442,002587,1.390
5,2,001076,300231,0.807
5,3,300033,300087,0.799
5,4,001027,001086,0.784
5,5,001049,200253,0.776
5,6,200194,200231,0.695
5,7,300013,300075,0.687
5,8,001147,200044,0.683
5,9,200137,200048,0.683
5,10,300209,002666,0.656
5,11,000979,022180,0.610
5,12,200062,001164,0.610
5,13,001118,001209,0.591
5,14,200039,200134,0.568
5,15,200121,200151,0.556
5,16,001117,000982,0.544
5,17,022172,001043,0.537
5,18,200126,200185,0.537
5,19,001174,001087,0.494
5,20,000976,001129,0.467
6,1,001072,001074,2.042
6,2,001072,001063,1.255
6,3,001072,022180,1.131
6,4,003454,002685,1.100
6,5,002692,001201,1.077
6,6,001072,001201,1.069
6,7,200124,200172,1.062
6,8,001072,001129,1.027
6,9,002696,001074,0.958
6,10,200126,200120,0.958
6,11,002587,000968,0.876
6,12,001072,002587,0.834
6,13,001174,022161,0.815
6,14,200083,001201,0.815
6,15,001072,001061,0.780
6,16,200159,001092,0.761
6,17,001004,001129,0.745
6,18,001072,200253,0.722
6,19,003467,001043,0.718
6,20,200054,200066,0.691
7,1,200038,200230,1.942
7,2,001072,022180,1.876
7,3,001072,002587,1.722
7,4,300213,300234,1.552
7,5,300014,003486,1.394
7,6,001072,200253,1.359
7,7,200219,200120,1.255
7,8,200114,300014,1.220
7,9,002696,002587,1.205
7,10,300014,200114,1.193
7,11,200077,300014,1.170
7,12,002692,002587,1.093
7,13,022176,000999,1.093
7,14,200180,300052,1.077
7,15,001072,001074,1.058
7,16,001072,200101,1.019
7,17,300065,002694,0.996
7,18,200003,001161,0.946
7,19,200250,200242,0.942
7,20,200182,200197,0.934
8,1,001072,000999,3.228
8,2,300213,300234,2.761
8,3,200038,200230,2.479
8,4,001072,022180,2.378
8,5,001072,001074,2.135
8,6,001072,001048,2.042
8,7,001072,001161,2.019
8,8,001072,000984,1.981
8,9,300083,001161,1.942
8,10,001072,003449,1.865
8,11,001072,000991,1.807
8,12,001072,200212,1.772
8,13,001072,001092,1.741
8,14,001072,002587,1.668
8,15,001072,300220,1.668
8,16,001072,000997,1.564
8,17,001072,000971,1.529
8,18,001072,001061,1.440
8,19,001072,001080,1.421
8,20,200054,200066,1.359
9,1,300213,300234,1.066
9,2,200210,001067,1.008
9,3,200232,200099,0.965
9,4,002696,000982,0.950
9,5,300089,001067,0.950
9,6,200183,300005,0.934
9,7,300083,001161,0.884
9,8,200120,002677,0.846
9,9,001072,000982,0.815
9,10,300229,001180,0.784
9,11,001072,200212,0.780
9,12,001183,002677,0.776
9,13,001208,001093,0.776
9,14,001017,200226,0.761
9,15,200142,001204,0.753
9,16,000963,001074,0.737
9,17,300231,200226,0.703
9,18,200196,300216,0.699
9,19,200038,200230,0.668
9,20,000984,001076,0.664
10,1,200017,200001,0.525
10,2,300231,200226,0.510
10,3,001075,001217,0.479
10,4,200256,001080,0.475
10,5,001075,001132,0.456
10,6,002587,300237,0.448
10,7,001026,001008,0.444
10,8,001001,002677,0.417
10,9,200173,300015,0.413
10,10,200246,001159,0.413
10,11,022166,200138,0.394
10,12,200169,001180,0.386
10,13,001132,001075,0.378
10,14,001183,002677,0.378
10,15,300213,300234,0.371
10,16,001075,001088,0.363
10,17,200113,200185,0.355
10,18,200135,200012,0.355
10,19,002691,300240,0.347
10,20,003468,000974,0.347
11,1,300253,001213,1.097
11,2,001075,001217,0.714
11,3,001075,001157,0.680
11,4,001075,001132,0.641
11,5,200084,200133,0.568
11,6,001075,001088,0.479
11,7,001155,000965,0.456
11,8,300231,200226,0.390
11,9,001110,001157,0.378
11,10,001110,001075,0.375
11,11,001075,001110,0.359
11,12,022179,003490,0.359
11,13,001109,001157,0.351
11,14,001132,001075,0.351
11,15,300087,300033,0.336
11,16,001157,001110,0.328
11,17,001218,300089,0.328
11,18,003490,022179,0.324
11,19,001088,001075,0.317
11,20,001157,001075,0.317
12,1,001075,001132,0.838
12,2,001007,001079,0.811
12,3,200044,001011,0.788
12,4,001075,001157,0.784
12,5,022179,003490,0.722
12,6,001075,001217,0.703
12,7,003434,300224,0.641
12,8,001132,001075,0.633
12,9,200017,300210,0.629
12,10,001075,001088,0.583
12,11,001132,001157,0.571
12,12,001157,001075,0.556
12,13,300208,200128,0.521
12,14,003490,022179,0.498
12,15,001093,001118,0.402
12,16,002703,300247,0.398
12,17,001218,300089,0.390
12,18,200102,200250,0.386
12,19,001217,001075,0.378
12,20,022170,010624,0.375
13,1,010624,001093,0.556
13,2,001132,001075,0.548
13,3,022179,003490,0.521
13,4,001080,200020,0.514
13,5,001075,001132,0.502
13,6,003490,022179,0.502
13,7,001079,001007,0.483
13,8,001157,001075,0.479
13,9,200128,300208,0.452
13,10,001110,001157,0.425
13,11,001157,001110,0.421
13,12,001075,001157,0.413
13,13,200133,200084,0.409
13,14,200250,200102,0.402
13,15,001075,001217,0.390
13,16,300216,300036,0.382
13,17,001088,001075,0.375
13,18,000964,200051,0.359
13,19,300233,300213,0.355
13,20,001231,001075,0.347
14,1,001132,001075,0.838
14,2,300231,001076,0.753
14,3,001067,200089,0.687
14,4,001075,001132,0.668
14,5,022161,001174,0.625
14,6,022179,003490,0.583
14,7,022179,001203,0.564
14,8,001075,001217,0.548
14,9,022180,000979,0.514
14,10,001078,200144,0.502
14,11,001180,200169,0.502
14,12,001075,001157,0.475
14,13,001220,001035,0.471
14,14,001157,001075,0.459
14,15,001157,001110,0.452
14,16,200099,200054,0.444
14,17,003490,022179,0.421
14,18,001132,001157,0.417
14,19,001157,001132,0.417
14,20,001217,001075,0.417
15,1,001075,001132,0.896
15,2,001132,001075,0.795
15,3,022179,003490,0.764
15,4,000984,200039,0.699
15,5,001043,002696,0.614
15,6,001075,001157,0.583
15,7,001065,002696,0.575
15,8,200119,022159,0.556
15,9,001159,001084,0.541
15,10,200072,200250,0.529
15,11,200193,001190,0.529
15,12,300075,300013,0.525
15,13,001075,001217,0.521
15,14,002691,001011,0.510
15,15,001075,001088,0.494
15,16,000960,003448,0.483
15,17,003490,022179,0.471
15,18,001157,001075,0.467
15,19,200230,300234,0.463
15,20,200247,200109,0.459
16,1,001074,001072,1.375
16,2,022180,001072,0.965
16,3,022179,003490,0.923
16,4,001075,001132,0.834
16,5,001201,001072,0.764
16,6,000984,001072,0.757
16,7,200044,300086,0.710
16,8,002587,001072,0.707
16,9,001132,001075,0.691
16,10,001161,001072,0.683
16,11,200039,300083,0.683
16,12,200253,001072,0.660
16,13,000968,002587,0.641
16,14,001062,001072,0.633
16,15,001201,001011,0.633
16,16,001067,001080,0.625
16,17,200114,300014,0.614
16,18,200072,200212,0.610
16,19,001040,001072,0.595
16,20,200048,001011,0.595
17,1,001074,001072,3.274
17,2,002587,001072,2.861
17,3,001048,001072,2.247
17,4,000984,001072,1.903
17,5,022180,001072,1.880
17,6,001161,300083,1.691
17,7,001161,001072,1.645
17,8,000999,001072,1.606
17,9,001080,001072,1.459
17,10,001092,001072,1.432
17,11,300222,001072,1.421
17,12,001074,000984,1.378
17,13,001129,001072,1.378
17,14,000985,001072,1.340
17,15,200101,001072,1.309
17,16,200128,001072,1.309
17,17,001063,001072,1.297
17,18,300234,300213,1.297
17,19,003507,001011,1.282
17,20,001074,002696,1.266
18,1,200230,200038,1.514
18,2,300234,300213,1.351
18,3,300005,200183,1.208
18,4,200066,200054,1.181
18,5,200212,001072,1.162
18,6,022180,001072,0.942
18,7,200066,022178,0.923
18,8,000999,001072,0.915
18,9,200199,200119,0.915
18,10,002694,300065,0.900
18,11,001031,200034,0.865
18,12,001048,001072,0.853
18,13,003449,001072,0.795
18,14,200120,200126,0.757
18,15,300086,300001,0.741
18,16,200099,200054,0.683
18,17,300052,300043,0.680
18,18,200099,200022,0.676
18,19,001211,200246,0.664
18,20,200038,200230,0.664
19,1,300234,300213,1.382
19,2,200230,200038,0.965
19,3,200066,022178,0.923
19,4,200197,200215,0.807
19,5,200120,200126,0.792
19,6,300086,300001,0.745
19,7,002694,300065,0.629
19,8,001182,300023,0.625
19,9,200238,300048,0.575
19,10,300052,300043,0.525
19,11,200192,200185,0.521
19,12,300216,300005,0.521
19,13,200066,200232,0.517
19,14,200099,200232,0.514
19,15,200099,200054,0.502
19,16,000964,200246,0.498
19,17,300015,200173,0.494
19,18,300086,300087,0.490
19,19,300233,300213,0.475
19,20,001157,001110,0.471
20,1,200066,022178,0.911
20,2,300234,300213,0.846
20,3,200230,200038,0.683
20,4,200197,200215,0.583
20,5,002694,300065,0.556
20,6,300216,300005,0.529
20,7,200230,200011,0.479
20,8,200120,200126,0.436
20,9,200099,200054,0.432
20,10,300048,200254,0.409
20,11,300015,200173,0.402
20,12,200066,200054,0.390
20,13,001077,200252,0.378
20,14,200066,200232,0.371
20,15,200115,200013,0.371
20,16,000964,200246,0.367
20,17,200197,300018,0.367
20,18,200214,200153,0.363
20,19,300233,300213,0.359
20,20,300216,300036,0.351
21,1,300234,300213,0.749
21,2,200197,200215,0.695
21,3,200230,200038,0.622
21,4,200119,200199,0.583
21,5,200066,022178,0.463
21,6,300015,200173,0.429
21,7,200162,200256,0.421
21,8,001218,300005,0.402
21,9,002694,300065,0.394
21,10,200230,200011,0.386
21,11,300086,300087,0.375
21,12,001094,003442,0.359
21,13,001170,001148,0.355
21,14,200026,200105,0.351
21,15,200185,200192,0.351
21,16,001180,300229,0.347
21,17,200092,200018,0.347
21,18,300004,000999,0.347
21,19,200115,200013,0.328
21,20,000965,022161,0.324
22,1,300234,300213,0.622
22,2,300234,200230,0.598
22,3,003477,300216,0.583
22,4,200197,200215,0.537
22,5,003444,300051,0.533
22,6,300088,001230,0.529
22,7,300086,300087,0.525
22,8,002694,300065,0.467
22,9,001192,022161,0.402
22,10,200230,200011,0.382
22,11,200230,200038,0.378
22,12,300015,200173,0.378
22,13,200237,300038,0.367
22,14,200148,200135,0.355
22,15,200148,001083,0.351
22,16,200238,022178,0.340
22,17,300008,300019,0.340
22,18,001213,300253,0.336
22,19,200120,200126,0.336
22,20,200066,022178,0.332
23,1,001213,300253,0.788
23,2,300234,300213,0.502
23,3,200197,200215,0.398
23,4,200237,300038,0.317
23,5,002694,300065,0.297
23,6,022165,200232,0.282
23,7,200230,200038,0.282
23,8,300031,300081,0.274
23,9,300216,200114,0.263
23,10,000978,001145,0.251
23,11,200230,200011,0.251
23,12,001087,003457,0.243
23,13,200042,200256,0.243
23,14,200163,200054,0.243
23,15,001159,001007,0.236
23,16,300015,200173,0.236
23,17,000991,200250,0.228
23,18,200162,022178,0.224
23,19,002681,001210,0.216
23,20,200251,200174,0.216
