mes,viagens,duracao_mediana_min,pct_eletricas,dias_incompletos
2022-01-01,741875,13.0,,0
2022-02-01,743581,13.0,,0
2022-03-01,1047369,14.0,,0
2022-04-01,1022467,15.0,,0
2022-05-01,1190590,14.0,,0
2022-06-01,1268701,15.0,,0
2022-07-01,1303376,15.0,,0
2022-08-01,1249038,15.0,,0
2022-09-01,796412,13.2,0.0001,2
2022-10-01,861664,13.2,0.0548,0
2022-11-01,723460,12.6,0.0658,0
2022-12-01,470761,12.2,0.0732,0
2023-01-01,569504,11.9,0.0733,0
2023-02-01,612571,12.3,0.0708,0
2023-03-01,629728,12.2,0.0751,0
2023-04-01,646025,13.3,0.0702,0
2023-05-01,821882,13.7,0.0646,0
2023-06-01,882467,14.0,0.0671,0
2023-07-01,806754,13.8,0.0701,0
2023-08-01,776527,14.0,0.0771,0
2023-09-01,845316,13.9,0.0747,0
2023-10-01,787406,13.2,0.0732,0
2023-11-01,663332,12.2,0.0777,0
2023-12-01,472943,12.2,0.0841,0
2024-01-01,557727,11.8,0.0845,0
2024-02-01,567260,12.0,0.0842,0
2024-03-01,646009,12.4,0.0802,0
2024-04-01,683650,12.8,0.0775,0
2024-05-01,820563,13.7,0.0705,0
2024-06-01,867914,13.8,0.0792,0
2024-07-01,881163,13.9,0.1198,0
2024-08-01,869205,14.3,0.1290,0
2024-09-01,791965,13.4,0.1357,0
2024-10-01,831179,13.0,0.1559,0
2024-11-01,711915,12.5,0.1684,0
2024-12-01,526602,12.3,0.1764,0
2025-01-01,568033,11.7,0.1793,0
2025-02-01,574284,11.9,0.1820,0
2025-03-01,775127,12.8,0.1713,0
2025-04-01,761433,13.5,0.1703,0
2025-05-01,859585,13.6,0.1791,0
2025-06-01,858439,14.0,0.1800,0
2025-07-01,898688,14.1,0.1766,0
2025-08-01,804944,14.7,0.1871,1
2025-09-01,866350,14.3,0.1786,0
2025-10-01,830606,13.0,0.1859,0
2025-11-01,712833,12.5,0.1879,0
2025-12-01,557919,12.5,0.1991,0
2026-01-01,575683,11.9,0.1886,0
2026-02-01,564644,12.0,0.1921,0
2026-03-01,757089,12.5,0.1953,0
2026-04-01,802833,13.7,0.1894,0
2026-05-01,863014,13.6,0.1947,0
